{"cameraMode":{"drawMode":0,"name":"Shaded","section":"Shading Mode"},"sceneLighting":true,"audioPlay":false,"sceneViewState":{"showFog":false,"showMaterialUpdate":false,"showSkybox":true,"showFlares":false,"showImageEffects":false,"showParticleSystems":false},"in2DMode":false,"pivot":{"x":52.64844512939453,"y":-9.195417404174805,"z":-59.90283203125},"rotation":{"x":-0.35679569840431216,"y":-0.1617341935634613,"z":0.06368330121040344,"w":-0.9180611371994019},"size":31.04953956604004,"orthographic":false}