{"cameraMode":{"drawMode":0,"name":"Shaded","section":"Shading Mode"},"sceneLighting":true,"audioPlay":false,"sceneViewState":{"showFog":false,"showMaterialUpdate":false,"showSkybox":true,"showFlares":false,"showImageEffects":false,"showParticleSystems":false},"in2DMode":false,"pivot":{"x":54.3971061706543,"y":-8.649311065673829,"z":5.8000569343566898},"rotation":{"x":-0.0903446301817894,"y":-0.6832962036132813,"z":0.08564672619104386,"w":-0.7194933891296387},"size":96.06558227539063,"orthographic":false}