{"cameraMode":{"drawMode":0,"name":"Shaded","section":"Shading Mode"},"sceneLighting":true,"audioPlay":false,"sceneViewState":{"showFog":false,"showMaterialUpdate":false,"showSkybox":true,"showFlares":false,"showImageEffects":false,"showParticleSystems":false},"in2DMode":false,"pivot":{"x":-23.738689422607423,"y":4.0502424240112309,"z":-109.15472412109375},"rotation":{"x":0.19443540275096894,"y":-0.667879045009613,"z":0.18722186982631684,"w":0.6936044692993164},"size":43.83036422729492,"orthographic":false}