{"cameraMode":{"drawMode":0,"name":"Shaded","section":"Shading Mode"},"sceneLighting":true,"audioPlay":false,"sceneViewState":{"showFog":false,"showMaterialUpdate":false,"showSkybox":true,"showFlares":false,"showImageEffects":false,"showParticleSystems":false},"in2DMode":false,"pivot":{"x":30.207719802856447,"y":7.866069316864014,"z":-35.86837387084961},"rotation":{"x":0.18343889713287354,"y":-0.2191282957792282,"z":0.04198327288031578,"w":0.9573836922645569},"size":2.2736382484436037,"orthographic":false}