{"cameraMode":{"drawMode":0,"name":"Shaded","section":"Shading Mode"},"sceneLighting":true,"audioPlay":false,"sceneViewState":{"showFog":false,"showMaterialUpdate":false,"showSkybox":true,"showFlares":false,"showImageEffects":false,"showParticleSystems":false},"in2DMode":false,"pivot":{"x":-33.374454498291019,"y":-14.741394996643067,"z":-50.788490295410159},"rotation":{"x":0.24979737401008607,"y":-0.2464921623468399,"z":0.06591559946537018,"w":0.9340834021568298},"size":50.7729377746582,"orthographic":false}