{"cameraMode":{"drawMode":0,"name":"Shaded","section":"Shading Mode"},"sceneLighting":false,"audioPlay":false,"sceneViewState":{"showFog":false,"showMaterialUpdate":false,"showSkybox":false,"showFlares":false,"showImageEffects":false,"showParticleSystems":false},"in2DMode":false,"pivot":{"x":-2.809453010559082,"y":-1.8367855548858643,"z":12.515119552612305},"rotation":{"x":0.04509531706571579,"y":0.9459178447723389,"z":-0.14746694266796113,"w":0.28574660420417788},"size":13.526390075683594,"orthographic":false}