{"cameraMode":{"drawMode":0,"name":"Shaded","section":"Shading Mode"},"sceneLighting":true,"audioPlay":false,"sceneViewState":{"showFog":false,"showMaterialUpdate":false,"showSkybox":true,"showFlares":false,"showImageEffects":false,"showParticleSystems":false},"in2DMode":false,"pivot":{"x":-15.178475379943848,"y":14.408031463623047,"z":-78.9286117553711},"rotation":{"x":0.034767646342515948,"y":-0.6196001768112183,"z":-0.028067542240023614,"w":-0.7837997674942017},"size":10.476680755615235,"orthographic":false}