{"cameraMode":{"drawMode":0,"name":"Shaded","section":"Shading Mode"},"sceneLighting":false,"audioPlay":false,"sceneViewState":{"showFog":false,"showMaterialUpdate":false,"showSkybox":false,"showFlares":false,"showImageEffects":false,"showParticleSystems":false},"in2DMode":false,"pivot":{"x":-31.00808334350586,"y":0.05292057991027832,"z":-85.64452362060547},"rotation":{"x":0.12483400851488114,"y":0.6086838841438294,"z":-0.09792152047157288,"w":0.777550458908081},"size":2.8578836917877199,"orthographic":false}