{"cameraMode":{"drawMode":0,"name":"Shaded","section":"Shading Mode"},"sceneLighting":false,"audioPlay":false,"sceneViewState":{"showFog":false,"showMaterialUpdate":false,"showSkybox":false,"showFlares":false,"showImageEffects":false,"showParticleSystems":false},"in2DMode":false,"pivot":{"x":0.6454892158508301,"y":2.524264097213745,"z":10.378178596496582},"rotation":{"x":-0.023884491994976999,"y":0.7525379657745361,"z":-0.027341045439243318,"w":-0.6576617956161499},"size":8.208645820617676,"orthographic":false}