{"cameraMode":{"drawMode":0,"name":"Shaded","section":"Shading Mode"},"sceneLighting":true,"audioPlay":false,"sceneViewState":{"showFog":false,"showMaterialUpdate":false,"showSkybox":true,"showFlares":false,"showImageEffects":false,"showParticleSystems":false},"in2DMode":false,"pivot":{"x":30.91051483154297,"y":15.371298789978028,"z":-87.8552474975586},"rotation":{"x":-0.09303208440542221,"y":0.06656693667173386,"z":-0.005478346720337868,"w":-0.9935952425003052},"size":1.7283873558044434,"orthographic":false}