{"cameraMode":{"drawMode":0,"name":"Shaded","section":"Shading Mode"},"sceneLighting":true,"audioPlay":false,"sceneViewState":{"showFog":false,"showMaterialUpdate":false,"showSkybox":false,"showFlares":false,"showImageEffects":false,"showParticleSystems":false},"in2DMode":false,"pivot":{"x":62.46709060668945,"y":10.82426643371582,"z":27.676151275634767},"rotation":{"x":-0.10762859135866165,"y":-0.28995755314826968,"z":0.033036790788173679,"w":-0.9505179524421692},"size":7.683330059051514,"orthographic":false}