{"cameraMode":{"drawMode":0,"name":"Shaded","section":"Shading Mode"},"sceneLighting":false,"audioPlay":false,"sceneViewState":{"showFog":false,"showMaterialUpdate":false,"showSkybox":false,"showFlares":false,"showImageEffects":false,"showParticleSystems":false},"in2DMode":false,"pivot":{"x":1.2306195497512818,"y":0.9075103402137756,"z":13.503853797912598},"rotation":{"x":-0.0028731406200677158,"y":0.9912861585617065,"z":-0.13041503727436067,"w":-0.022033873945474626},"size":3.520610809326172,"orthographic":false}