{"cameraMode":{"drawMode":0,"name":"Shaded","section":"Shading Mode"},"sceneLighting":true,"audioPlay":false,"sceneViewState":{"showFog":false,"showMaterialUpdate":false,"showSkybox":true,"showFlares":false,"showImageEffects":false,"showParticleSystems":false},"in2DMode":false,"pivot":{"x":47.90898895263672,"y":10.76215934753418,"z":-69.06376647949219},"rotation":{"x":0.012045902200043202,"y":0.9872239828109741,"z":-0.12691240012645722,"w":0.09719451516866684},"size":1.1677212715148926,"orthographic":false}